username,password_hash,real_name,phone,email,role,status
user001,$2a$10$N.zmdr9k7uOCQb376NoUnuTJ8iAt6Z5EHsM8lE9lBOsl7iAt6Z5EO,何娟华,15865891739,user001@example.com,student,1
user002,$2a$10$N.zmdr9k7uOCQb376NoUnuTJ8iAt6Z5EHsM8lE9lBOsl7iAt6Z5EO,赵强涛,13446281079,user002@example.com,student,1
user003,$2a$10$N.zmdr9k7uOCQb376NoUnuTJ8iAt6Z5EHsM8lE9lBOsl7iAt6Z5EO,陈杰强,15902038895,user003@example.com,student,1
user004,$2a$10$N.zmdr9k7uOCQb376NoUnuTJ8iAt6Z5EHsM8lE9lBOsl7iAt6Z5EO,孙强,13940714031,user004@example.com,student,1
user005,$2a$10$N.zmdr9k7uOCQb376NoUnuTJ8iAt6Z5EHsM8lE9lBOsl7iAt6Z5EO,李丽涛,13535202275,user005@example.com,student,1
user006,$2a$10$N.zmdr9k7uOCQb376NoUnuTJ8iAt6Z5EHsM8lE9lBOsl7iAt6Z5EO,赵超,13747700131,user006@example.com,student,1
user007,$2a$10$N.zmdr9k7uOCQb376NoUnuTJ8iAt6Z5EHsM8lE9lBOsl7iAt6Z5EO,李秀刚,13501514230,user007@example.com,student,1
user008,$2a$10$N.zmdr9k7uOCQb376NoUnuTJ8iAt6Z5EHsM8lE9lBOsl7iAt6Z5EO,赵平,15991023314,user008@example.com,student,1
user009,$2a$10$N.zmdr9k7uOCQb376NoUnuTJ8iAt6Z5EHsM8lE9lBOsl7iAt6Z5EO,杨平,13964411405,user009@example.com,student,1
user010,$2a$10$N.zmdr9k7uOCQb376NoUnuTJ8iAt6Z5EHsM8lE9lBOsl7iAt6Z5EO,吴涛,13792318394,user010@example.com,student,1
user011,$2a$10$N.zmdr9k7uOCQb376NoUnuTJ8iAt6Z5EHsM8lE9lBOsl7iAt6Z5EO,杨慧静,15125673355,user011@example.com,student,1
user012,$2a$10$N.zmdr9k7uOCQb376NoUnuTJ8iAt6Z5EHsM8lE9lBOsl7iAt6Z5EO,黄伟,13438044870,user012@example.com,student,1
user013,$2a$10$N.zmdr9k7uOCQb376NoUnuTJ8iAt6Z5EHsM8lE9lBOsl7iAt6Z5EO,罗磊,18371165404,user013@example.com,student,1
user014,$2a$10$N.zmdr9k7uOCQb376NoUnuTJ8iAt6Z5EHsM8lE9lBOsl7iAt6Z5EO,何宇婷,18728141139,user014@example.com,student,1
user015,$2a$10$N.zmdr9k7uOCQb376NoUnuTJ8iAt6Z5EHsM8lE9lBOsl7iAt6Z5EO,杨洋磊,15988139055,user015@example.com,student,1
user016,$2a$10$N.zmdr9k7uOCQb376NoUnuTJ8iAt6Z5EHsM8lE9lBOsl7iAt6Z5EO,陈强,15978724913,user016@example.com,student,1
user017,$2a$10$N.zmdr9k7uOCQb376NoUnuTJ8iAt6Z5EHsM8lE9lBOsl7iAt6Z5EO,何静,15943822885,user017@example.com,admin,1
user018,$2a$10$N.zmdr9k7uOCQb376NoUnuTJ8iAt6Z5EHsM8lE9lBOsl7iAt6Z5EO,吴超,15116243691,user018@example.com,student,1
user019,$2a$10$N.zmdr9k7uOCQb376NoUnuTJ8iAt6Z5EHsM8lE9lBOsl7iAt6Z5EO,陈杰磊,13685784625,user019@example.com,student,1
user020,$2a$10$N.zmdr9k7uOCQb376NoUnuTJ8iAt6Z5EHsM8lE9lBOsl7iAt6Z5EO,周杰刚,13483896661,user020@example.com,student,1
user021,$2a$10$N.zmdr9k7uOCQb376NoUnuTJ8iAt6Z5EHsM8lE9lBOsl7iAt6Z5EO,李刚,18891492907,user021@example.com,student,1
user022,$2a$10$N.zmdr9k7uOCQb376NoUnuTJ8iAt6Z5EHsM8lE9lBOsl7iAt6Z5EO,何宇芳,18297904305,user022@example.com,student,1
user023,$2a$10$N.zmdr9k7uOCQb376NoUnuTJ8iAt6Z5EHsM8lE9lBOsl7iAt6Z5EO,何勇,15264188329,user023@example.com,student,1
user024,$2a$10$N.zmdr9k7uOCQb376NoUnuTJ8iAt6Z5EHsM8lE9lBOsl7iAt6Z5EO,胡磊娜,13956333725,user024@example.com,student,1
user025,$2a$10$N.zmdr9k7uOCQb376NoUnuTJ8iAt6Z5EHsM8lE9lBOsl7iAt6Z5EO,张涛,18281088378,user025@example.com,student,1
user026,$2a$10$N.zmdr9k7uOCQb376NoUnuTJ8iAt6Z5EHsM8lE9lBOsl7iAt6Z5EO,朱鑫华,15172373099,user026@example.com,student,1
user027,$2a$10$N.zmdr9k7uOCQb376NoUnuTJ8iAt6Z5EHsM8lE9lBOsl7iAt6Z5EO,高慧桂,15039650229,user027@example.com,student,1
user028,$2a$10$N.zmdr9k7uOCQb376NoUnuTJ8iAt6Z5EHsM8lE9lBOsl7iAt6Z5EO,何桂,13675414369,user028@example.com,student,1
user029,$2a$10$N.zmdr9k7uOCQb376NoUnuTJ8iAt6Z5EHsM8lE9lBOsl7iAt6Z5EO,林刚桂,18297228466,user029@example.com,student,1
user030,$2a$10$N.zmdr9k7uOCQb376NoUnuTJ8iAt6Z5EHsM8lE9lBOsl7iAt6Z5EO,马娟伟,13929787124,user030@example.com,student,1
user031,$2a$10$N.zmdr9k7uOCQb376NoUnuTJ8iAt6Z5EHsM8lE9lBOsl7iAt6Z5EO,周洋,13888126571,user031@example.com,student,1
user032,$2a$10$N.zmdr9k7uOCQb376NoUnuTJ8iAt6Z5EHsM8lE9lBOsl7iAt6Z5EO,吴秀,13681336270,user032@example.com,student,1
user033,$2a$10$N.zmdr9k7uOCQb376NoUnuTJ8iAt6Z5EHsM8lE9lBOsl7iAt6Z5EO,孙桂,18728721653,user033@example.com,student,1
user034,$2a$10$N.zmdr9k7uOCQb376NoUnuTJ8iAt6Z5EHsM8lE9lBOsl7iAt6Z5EO,胡娜,18347178392,user034@example.com,student,1
user035,$2a$10$N.zmdr9k7uOCQb376NoUnuTJ8iAt6Z5EHsM8lE9lBOsl7iAt6Z5EO,黄娜洋,15150843615,user035@example.com,student,1
user036,$2a$10$N.zmdr9k7uOCQb376NoUnuTJ8iAt6Z5EHsM8lE9lBOsl7iAt6Z5EO,李慧娜,18746164929,user036@example.com,student,1
user037,$2a$10$N.zmdr9k7uOCQb376NoUnuTJ8iAt6Z5EHsM8lE9lBOsl7iAt6Z5EO,罗欣,18772005612,user037@example.com,student,1
user038,$2a$10$N.zmdr9k7uOCQb376NoUnuTJ8iAt6Z5EHsM8lE9lBOsl7iAt6Z5EO,刘丽,13500863648,user038@example.com,admin,1
user039,$2a$10$N.zmdr9k7uOCQb376NoUnuTJ8iAt6Z5EHsM8lE9lBOsl7iAt6Z5EO,林刚鑫,15206697311,user039@example.com,student,1
user040,$2a$10$N.zmdr9k7uOCQb376NoUnuTJ8iAt6Z5EHsM8lE9lBOsl7iAt6Z5EO,周浩,13782661262,user040@example.com,student,1
user041,$2a$10$N.zmdr9k7uOCQb376NoUnuTJ8iAt6Z5EHsM8lE9lBOsl7iAt6Z5EO,王艳超,13935943909,user041@example.com,student,1
user042,$2a$10$N.zmdr9k7uOCQb376NoUnuTJ8iAt6Z5EHsM8lE9lBOsl7iAt6Z5EO,罗强,18272969495,user042@example.com,student,1
user043,$2a$10$N.zmdr9k7uOCQb376NoUnuTJ8iAt6Z5EHsM8lE9lBOsl7iAt6Z5EO,李勇,13888224023,user043@example.com,student,1
user044,$2a$10$N.zmdr9k7uOCQb376NoUnuTJ8iAt6Z5EHsM8lE9lBOsl7iAt6Z5EO,黄华,15915138828,user044@example.com,student,1
user045,$2a$10$N.zmdr9k7uOCQb376NoUnuTJ8iAt6Z5EHsM8lE9lBOsl7iAt6Z5EO,郭涛超,15176989130,user045@example.com,student,1
user046,$2a$10$N.zmdr9k7uOCQb376NoUnuTJ8iAt6Z5EHsM8lE9lBOsl7iAt6Z5EO,周磊敏,18243257823,user046@example.com,student,1
user047,$2a$10$N.zmdr9k7uOCQb376NoUnuTJ8iAt6Z5EHsM8lE9lBOsl7iAt6Z5EO,王浩,15886597722,user047@example.com,student,1
user048,$2a$10$N.zmdr9k7uOCQb376NoUnuTJ8iAt6Z5EHsM8lE9lBOsl7iAt6Z5EO,张丽静,15004903182,user048@example.com,student,1
user049,$2a$10$N.zmdr9k7uOCQb376NoUnuTJ8iAt6Z5EHsM8lE9lBOsl7iAt6Z5EO,孙浩,15083444049,user049@example.com,student,1
user050,$2a$10$N.zmdr9k7uOCQb376NoUnuTJ8iAt6Z5EHsM8lE9lBOsl7iAt6Z5EO,林磊,13469130581,user050@example.com,student,1
user051,$2a$10$N.zmdr9k7uOCQb376NoUnuTJ8iAt6Z5EHsM8lE9lBOsl7iAt6Z5EO,罗强,15756848167,user051@example.com,student,1
user052,$2a$10$N.zmdr9k7uOCQb376NoUnuTJ8iAt6Z5EHsM8lE9lBOsl7iAt6Z5EO,张秀,18873626467,user052@example.com,student,1
user053,$2a$10$N.zmdr9k7uOCQb376NoUnuTJ8iAt6Z5EHsM8lE9lBOsl7iAt6Z5EO,郭刚丽,15043529411,user053@example.com,student,1
user054,$2a$10$N.zmdr9k7uOCQb376NoUnuTJ8iAt6Z5EHsM8lE9lBOsl7iAt6Z5EO,王敏桂,13741599531,user054@example.com,student,1
user055,$2a$10$N.zmdr9k7uOCQb376NoUnuTJ8iAt6Z5EHsM8lE9lBOsl7iAt6Z5EO,王英,13912228005,user055@example.com,admin,1
user056,$2a$10$N.zmdr9k7uOCQb376NoUnuTJ8iAt6Z5EHsM8lE9lBOsl7iAt6Z5EO,林浩,13447610517,user056@example.com,student,1
user057,$2a$10$N.zmdr9k7uOCQb376NoUnuTJ8iAt6Z5EHsM8lE9lBOsl7iAt6Z5EO,李娟芳,18726644929,user057@example.com,student,1
user058,$2a$10$N.zmdr9k7uOCQb376NoUnuTJ8iAt6Z5EHsM8lE9lBOsl7iAt6Z5EO,罗娜,15958070388,user058@example.com,student,1
user059,$2a$10$N.zmdr9k7uOCQb376NoUnuTJ8iAt6Z5EHsM8lE9lBOsl7iAt6Z5EO,黄刚,13525462593,user059@example.com,student,1
user060,$2a$10$N.zmdr9k7uOCQb376NoUnuTJ8iAt6Z5EHsM8lE9lBOsl7iAt6Z5EO,王勇芳,13967150852,user060@example.com,student,1
user061,$2a$10$N.zmdr9k7uOCQb376NoUnuTJ8iAt6Z5EHsM8lE9lBOsl7iAt6Z5EO,高浩丽,13758390835,user061@example.com,student,1
user062,$2a$10$N.zmdr9k7uOCQb376NoUnuTJ8iAt6Z5EHsM8lE9lBOsl7iAt6Z5EO,陈静,18220723920,user062@example.com,student,1
user063,$2a$10$N.zmdr9k7uOCQb376NoUnuTJ8iAt6Z5EHsM8lE9lBOsl7iAt6Z5EO,徐涛,13730250377,user063@example.com,student,1
user064,$2a$10$N.zmdr9k7uOCQb376NoUnuTJ8iAt6Z5EHsM8lE9lBOsl7iAt6Z5EO,黄平,15030748798,user064@example.com,student,1
user065,$2a$10$N.zmdr9k7uOCQb376NoUnuTJ8iAt6Z5EHsM8lE9lBOsl7iAt6Z5EO,周刚,13887889294,user065@example.com,student,1
user066,$2a$10$N.zmdr9k7uOCQb376NoUnuTJ8iAt6Z5EHsM8lE9lBOsl7iAt6Z5EO,杨娟伟,15087018218,user066@example.com,student,1
user067,$2a$10$N.zmdr9k7uOCQb376NoUnuTJ8iAt6Z5EHsM8lE9lBOsl7iAt6Z5EO,赵宇,13787779816,user067@example.com,student,1
user068,$2a$10$N.zmdr9k7uOCQb376NoUnuTJ8iAt6Z5EHsM8lE9lBOsl7iAt6Z5EO,张明,18271735488,user068@example.com,student,1
user069,$2a$10$N.zmdr9k7uOCQb376NoUnuTJ8iAt6Z5EHsM8lE9lBOsl7iAt6Z5EO,吴超,15121665293,user069@example.com,student,1
user070,$2a$10$N.zmdr9k7uOCQb376NoUnuTJ8iAt6Z5EHsM8lE9lBOsl7iAt6Z5EO,朱磊,15777966849,user070@example.com,student,1
user071,$2a$10$N.zmdr9k7uOCQb376NoUnuTJ8iAt6Z5EHsM8lE9lBOsl7iAt6Z5EO,王磊,18315353913,user071@example.com,student,1
user072,$2a$10$N.zmdr9k7uOCQb376NoUnuTJ8iAt6Z5EHsM8lE9lBOsl7iAt6Z5EO,李娜鑫,13639332594,user072@example.com,student,1
user073,$2a$10$N.zmdr9k7uOCQb376NoUnuTJ8iAt6Z5EHsM8lE9lBOsl7iAt6Z5EO,孙涛鑫,13887857650,user073@example.com,admin,1
user074,$2a$10$N.zmdr9k7uOCQb376NoUnuTJ8iAt6Z5EHsM8lE9lBOsl7iAt6Z5EO,朱军,13577888182,user074@example.com,student,1
user075,$2a$10$N.zmdr9k7uOCQb376NoUnuTJ8iAt6Z5EHsM8lE9lBOsl7iAt6Z5EO,朱娜,15248369283,user075@example.com,student,1
user076,$2a$10$N.zmdr9k7uOCQb376NoUnuTJ8iAt6Z5EHsM8lE9lBOsl7iAt6Z5EO,罗明涛,18801214500,user076@example.com,student,1
user077,$2a$10$N.zmdr9k7uOCQb376NoUnuTJ8iAt6Z5EHsM8lE9lBOsl7iAt6Z5EO,罗艳,13845964971,user077@example.com,student,1
user078,$2a$10$N.zmdr9k7uOCQb376NoUnuTJ8iAt6Z5EHsM8lE9lBOsl7iAt6Z5EO,陈伟涛,18271753109,user078@example.com,student,1
user079,$2a$10$N.zmdr9k7uOCQb376NoUnuTJ8iAt6Z5EHsM8lE9lBOsl7iAt6Z5EO,张静静,13474829051,user079@example.com,student,1
user080,$2a$10$N.zmdr9k7uOCQb376NoUnuTJ8iAt6Z5EHsM8lE9lBOsl7iAt6Z5EO,周刚洋,15297249317,user080@example.com,student,1
user081,$2a$10$N.zmdr9k7uOCQb376NoUnuTJ8iAt6Z5EHsM8lE9lBOsl7iAt6Z5EO,王敏华,13684785507,user081@example.com,student,1
user082,$2a$10$N.zmdr9k7uOCQb376NoUnuTJ8iAt6Z5EHsM8lE9lBOsl7iAt6Z5EO,张秀华,13826871052,user082@example.com,student,1
user083,$2a$10$N.zmdr9k7uOCQb376NoUnuTJ8iAt6Z5EHsM8lE9lBOsl7iAt6Z5EO,吴丽丽,18303734472,user083@example.com,student,1
user084,$2a$10$N.zmdr9k7uOCQb376NoUnuTJ8iAt6Z5EHsM8lE9lBOsl7iAt6Z5EO,林英芳,15861127309,user084@example.com,student,1
user085,$2a$10$N.zmdr9k7uOCQb376NoUnuTJ8iAt6Z5EHsM8lE9lBOsl7iAt6Z5EO,郭芳超,13431420546,user085@example.com,student,1
user086,$2a$10$N.zmdr9k7uOCQb376NoUnuTJ8iAt6Z5EHsM8lE9lBOsl7iAt6Z5EO,杨涛,18742642541,user086@example.com,student,1
user087,$2a$10$N.zmdr9k7uOCQb376NoUnuTJ8iAt6Z5EHsM8lE9lBOsl7iAt6Z5EO,徐伟静,13474177631,user087@example.com,student,1
user088,$2a$10$N.zmdr9k7uOCQb376NoUnuTJ8iAt6Z5EHsM8lE9lBOsl7iAt6Z5EO,黄鑫强,18874168822,user088@example.com,student,1
user089,$2a$10$N.zmdr9k7uOCQb376NoUnuTJ8iAt6Z5EHsM8lE9lBOsl7iAt6Z5EO,马涛勇,18779561204,user089@example.com,student,1
user090,$2a$10$N.zmdr9k7uOCQb376NoUnuTJ8iAt6Z5EHsM8lE9lBOsl7iAt6Z5EO,周涛华,13537645253,user090@example.com,student,1
user091,$2a$10$N.zmdr9k7uOCQb376NoUnuTJ8iAt6Z5EHsM8lE9lBOsl7iAt6Z5EO,周华静,13671905035,user091@example.com,student,1
user092,$2a$10$N.zmdr9k7uOCQb376NoUnuTJ8iAt6Z5EHsM8lE9lBOsl7iAt6Z5EO,朱婷婷,18854326681,user092@example.com,student,1
user093,$2a$10$N.zmdr9k7uOCQb376NoUnuTJ8iAt6Z5EHsM8lE9lBOsl7iAt6Z5EO,林慧,15903542959,user093@example.com,student,1
user094,$2a$10$N.zmdr9k7uOCQb376NoUnuTJ8iAt6Z5EHsM8lE9lBOsl7iAt6Z5EO,刘艳慧,13471845740,user094@example.com,student,1
user095,$2a$10$N.zmdr9k7uOCQb376NoUnuTJ8iAt6Z5EHsM8lE9lBOsl7iAt6Z5EO,徐军秀,15043057247,user095@example.com,student,1
user096,$2a$10$N.zmdr9k7uOCQb376NoUnuTJ8iAt6Z5EHsM8lE9lBOsl7iAt6Z5EO,何明军,18829549906,user096@example.com,student,1
user097,$2a$10$N.zmdr9k7uOCQb376NoUnuTJ8iAt6Z5EHsM8lE9lBOsl7iAt6Z5EO,吴慧磊,18873503854,user097@example.com,student,1
user098,$2a$10$N.zmdr9k7uOCQb376NoUnuTJ8iAt6Z5EHsM8lE9lBOsl7iAt6Z5EO,黄磊杰,13499213082,user098@example.com,student,1
user099,$2a$10$N.zmdr9k7uOCQb376NoUnuTJ8iAt6Z5EHsM8lE9lBOsl7iAt6Z5EO,张磊涛,13862864577,user099@example.com,student,1
user100,$2a$10$N.zmdr9k7uOCQb376NoUnuTJ8iAt6Z5EHsM8lE9lBOsl7iAt6Z5EO,李丽明,15076422195,user100@example.com,student,1
